{
  "temperature": [
    1.0,
    1.0,
    1.0,
    2.0,
    5.0
  ],
  "jumptype": 0,
  "logdomain": true,
  "log_normal_noise": false,
  "scale": 1.0,
  "min_z": 1.0,
  "max_z": 5.544068044350276,
  "minimum_layer_thickness": 1000.0,
  "resmin": 0.1,
  "resmax": 100000.0,
  "minnodes": 2,
  "maxnodes": 30,
  "nsteps": 1000,
  "nsamples": 1000,
  "proposal": [
    0.1,
    0.5,
    0.66,
    1.0
  ],
  "kernel": 1,
  "eps": 1e-09,
  "sigma_rho": [
    0.2,
    0.2,
    0.2,
    0.2,
    0.4
  ],
  "sigma_rho_birth": [
    0.4,
    0.4,
    0.4,
    0.4,
    0.6
  ],
  "sigma_rho_delayed": [
    0.05,
    0.05,
    0.05,
    0.05,
    0.1
  ],
  "sigma_loc_z": [
    2.0,
    2.0,
    2.0,
    2.0,
    3.0
  ],
  "sigma_loc_z_delayed": [
    1.0,
    1.0,
    1.0,
    1.0,
    1.5
  ],
  "sigma_Z": [
    1.0,
    5.0
  ],
  "sigma_app_res": [
    0.8,
    5.0
  ],
  "sigma_phase": [
    0.8,
    5.0
  ],
  "sigma_noise": 0.01,
  "inversion_method": "MT",
  "MT": {
    "period": [
      1.0,
      1.96842,
      3.87468,
      7.62699,
      15.01311,
      29.55209,
      58.17091,
      114.50476,
      225.39339,
      443.66873,
      873.32616,
      1719.0722,
      3383.85515,
      6660.84629,
      13111.33937,
      25808.6154,
      50802.18047,
      100000.0
    ],
    "datatype": "Z",
    "dobs_Z": [
      "(0.044739+0.04542j)",
      "(0.032977+0.032762j)",
      "(0.022244+0.028771j)",
      "(0.010954+0.020997j)",
      "(0.0034019+0.011996j)",
      "(0.0016874+0.006741j)",
      "(0.00090445+0.0038261j)",
      "(0.00051328+0.0020578j)",
      "(0.000303+0.0011547j)",
      "(0.00020226+0.00063508j)",
      "(0.00014372+0.00037589j)",
      "(0.00011027+0.00020695j)",
      "(8.7354e-05+0.00012119j)",
      "(8.6026e-05+7.467e-05j)",
      "(7.0289e-05+5.2784e-05j)",
      "(5.3107e-05+3.9082e-05j)",
      "(3.9466e-05+3.3613e-05j)",
      "(2.6863e-05+2.5136e-05j)"
    ],
    "err_Z": [
      0.0019126,
      0.0013945,
      0.001091,
      0.00071048,
      0.00037408,
      0.00020847,
      0.00011795,
      6.3627e-05,
      3.5813e-05,
      1.9995e-05,
      1.2073e-05,
      7.0349e-06,
      4.4818e-06,
      3.4174e-06,
      2.637e-06,
      1.9781e-06,
      1.5552e-06,
      1.1037e-06
    ],
    "dobs_appres": null,
    "err_appres": null,
    "dobs_phase": null,
    "err_phase": null,
    "ndata": 36
  },
  "DC": {
    "OA": null,
    "dobs_appres": null,
    "err_appres": null
  },
  "nChains": 5,
  "nChains_atT1": 3,
  "nChains_atoT": 2,
  "nchain_for_PT": 2,
  "min_res_log": -1.0,
  "max_res_log": 5.0,
  "rho": "log10"
}