{
  "temperature": [
    1.0,
    1.0,
    1.0,
    1.0,
    1.0
  ],
  "jumptype": 0,
  "logdomain": true,
  "log_normal_noise": false,
  "scale": 1.0,
  "min_z": 1.0,
  "max_z": 5.544068044350276,
  "minimum_layer_thickness": 1000.0,
  "resmin": 0.1,
  "resmax": 100000.0,
  "minnodes": 2,
  "maxnodes": 30,
  "nsteps": 10,
  "nsamples": 1000,
  "proposal": [
    0.1,
    0.5,
    0.66,
    1.0
  ],
  "kernel": 1,
  "eps": 1e-09,
  "sigma_rho": [
    0.2,
    0.2,
    0.2,
    0.2,
    0.2
  ],
  "sigma_rho_birth": [
    0.4,
    0.4,
    0.4,
    0.4,
    0.4
  ],
  "sigma_rho_delayed": [
    0.05,
    0.05,
    0.05,
    0.05,
    0.05
  ],
  "sigma_loc_z": [
    2.0,
    2.0,
    2.0,
    2.0,
    2.0
  ],
  "sigma_loc_z_delayed": [
    1.0,
    1.0,
    1.0,
    1.0,
    1.0
  ],
  "sigma_Z": [
    1.0,
    5.0
  ],
  "sigma_app_res": [
    0.8,
    5.0
  ],
  "sigma_phase": [
    0.8,
    5.0
  ],
  "sigma_noise": 0.01,
  "inversion_method": "MT",
  "MT": {
    "period": [
      0.00313,
      0.00629,
      0.01266,
      0.025,
      0.05319,
      0.12346,
      0.2439,
      0.49261,
      0.98039,
      1.96078,
      4.65116,
      9.34579,
      18.51852,
      37.17472,
      74.62687,
      149.25371,
      363.63636,
      729.92701,
      1449.27494,
      2941.17561
    ],
    "datatype": "Z",
    "dobs_Z": [
      "(0.12776+0.079735j)",
      "(0.10406+0.059883j)",
      "(0.092248+0.054508j)",
      "(0.060744+0.056932j)",
      "(0.034166+0.040099j)",
      "(0.018+0.021975j)",
      "(0.014829+0.013265j)",
      "(0.012768+0.0082295j)",
      "(0.011311+0.0060088j)",
      "(0.009637+0.005134j)",
      "(0.0071014+0.0047098j)",
      "(0.0053208+0.0039555j)",
      "(0.0044928+0.0024631j)",
      "(0.0034148+0.0018431j)",
      "(0.0028442+0.001623j)",
      "(0.0020381+0.001639j)",
      "(0.0015471+0.0013135j)",
      "(0.0008109+0.0011701j)",
      "(-0.0026818+0.00068057j)",
      "(0.00061908+0.0006577j)"
    ],
    "err_Z": [
      0.0045179,
      0.0036017,
      0.0032145,
      0.0024976,
      0.0015804,
      0.00085218,
      0.00059689,
      0.0004557,
      0.00038423,
      0.00032758,
      0.00025564,
      0.0001989,
      0.00015371,
      0.00011641,
      9.824e-05,
      7.8462e-05,
      6.0885e-05,
      4.2708e-05,
      8.3003e-05,
      2.7097e-05
    ],
    "dobs_appres": null,
    "err_appres": null,
    "dobs_phase": null,
    "err_phase": null,
    "ndata": 40
  },
  "DC": {
    "OA": null,
    "dobs_appres": null,
    "err_appres": null
  },
  "nChains": 5,
  "nChains_atT1": 5,
  "nChains_atoT": 0,
  "nchain_for_PT": 0,
  "min_res_log": -1.0,
  "max_res_log": 5.0,
  "rho": "log10"
}