{
  "temperature": [
    1.0,
    1.0,
    1.0,
    1.0,
    1.0
  ],
  "jumptype": 0,
  "logdomain": true,
  "log_normal_noise": false,
  "scale": 1.0,
  "min_z": 1.0,
  "max_z": 5.544068044350276,
  "minimum_layer_thickness": 1000.0,
  "resmin": 0.1,
  "resmax": 100000.0,
  "minnodes": 2,
  "maxnodes": 30,
  "nsteps": 10,
  "nsamples": 500,
  "proposal": [
    0.1,
    0.5,
    0.66,
    1.0
  ],
  "kernel": 1,
  "eps": 1e-09,
  "sigma_rho": [
    0.2,
    0.2,
    0.2,
    0.2,
    0.2
  ],
  "sigma_rho_birth": [
    0.4,
    0.4,
    0.4,
    0.4,
    0.4
  ],
  "sigma_rho_delayed": [
    0.05,
    0.05,
    0.05,
    0.05,
    0.05
  ],
  "sigma_loc_z": [
    2.0,
    2.0,
    2.0,
    2.0,
    2.0
  ],
  "sigma_loc_z_delayed": [
    1.0,
    1.0,
    1.0,
    1.0,
    1.0
  ],
  "sigma_Z": [
    1.0,
    5.0
  ],
  "sigma_app_res": [
    0.8,
    5.0
  ],
  "sigma_phase": [
    0.8,
    5.0
  ],
  "sigma_noise": 0.01,
  "inversion_method": "MT",
  "MT": {
    "period": [
      0.1,
      0.1833,
      0.33598,
      0.61585,
      1.12884,
      2.06914,
      3.79269,
      6.95193,
      12.74275,
      23.35721,
      42.81332,
      78.476,
      143.84499,
      263.66509,
      483.29302,
      885.86679,
      1623.77674,
      2976.35144,
      5455.59478,
      10000.0
    ],
    "datatype": "Z",
    "dobs_Z": [
      "(0.028681+0.028473j)",
      "(0.019744+0.019496j)",
      "(0.014051+0.015191j)",
      "(0.012054+0.0089924j)",
      "(0.0097364+0.0049404j)",
      "(0.0093731+0.0037399j)",
      "(0.0090204+0.0039657j)",
      "(0.0076439+0.0040104j)",
      "(0.0059686+0.0041774j)",
      "(0.0038959+0.0035867j)",
      "(0.0025787+0.0029677j)",
      "(0.0021478+0.0017594j)",
      "(0.0017867+0.001188j)",
      "(0.0016122+0.0010125j)",
      "(0.0011803+0.00099099j)",
      "(0.00073444+0.00083955j)",
      "(0.00049817+0.0006508j)",
      "(0.00029808+0.00042346j)",
      "(0.00020217+0.0003055j)",
      "(0.00011853+0.00020134j)"
    ],
    "err_Z": [
      0.0016166,
      0.0011099,
      0.00082772,
      0.00060154,
      0.00043673,
      0.00040367,
      0.00039415,
      0.00034528,
      0.00029141,
      0.00021182,
      0.00015726,
      0.00011106,
      8.5825e-05,
      7.6149e-05,
      6.1647e-05,
      4.4618e-05,
      3.2783e-05,
      2.0714e-05,
      1.4654e-05,
      9.3455e-06
    ],
    "dobs_appres": null,
    "err_appres": null,
    "dobs_phase": null,
    "err_phase": null,
    "ndata": 40
  },
  "DC": {
    "OA": null,
    "dobs_appres": null,
    "err_appres": null
  },
  "nChains": 5,
  "nChains_atT1": 5,
  "nChains_atoT": 0,
  "nchain_for_PT": 0,
  "min_res_log": -1.0,
  "max_res_log": 5.0,
  "rho": "log10"
}