{
  "temperature": [
    1.0,
    1.0,
    1.0,
    1.5,
    3.0,
    10.0
  ],
  "jumptype": 0,
  "logdomain": true,
  "log_normal_noise": false,
  "scale": 1.0,
  "min_z": 1.0,
  "max_z": 5.544068044350276,
  "minimum_layer_thickness": 1000.0,
  "resmin": 0.1,
  "resmax": 100000.0,
  "minnodes": 2,
  "maxnodes": 30,
  "nsteps": 1000,
  "nsamples": 500,
  "proposal": [
    0.1,
    0.5,
    0.66,
    1.0
  ],
  "kernel": 1,
  "eps": 1e-09,
  "sigma_rho": [
    0.2,
    0.2,
    0.2,
    0.2,
    0.30000000000000004,
    0.4
  ],
  "sigma_rho_birth": [
    0.4,
    0.4,
    0.4,
    0.4,
    0.5,
    0.6
  ],
  "sigma_rho_delayed": [
    0.05,
    0.05,
    0.05,
    0.05,
    0.07500000000000001,
    0.1
  ],
  "sigma_loc_z": [
    2.0,
    2.0,
    2.0,
    2.0,
    2.5,
    3.0
  ],
  "sigma_loc_z_delayed": [
    1.0,
    1.0,
    1.0,
    1.0,
    1.25,
    1.5
  ],
  "sigma_Z": [
    1.0,
    5.0
  ],
  "sigma_app_res": [
    0.8,
    5.0
  ],
  "sigma_phase": [
    0.8,
    5.0
  ],
  "sigma_noise": 0.01,
  "inversion_method": "MT",
  "MT": {
    "period": [
      1.0,
      2.15443,
      4.64159,
      10.0,
      21.54435,
      46.41589,
      100.0,
      215.44347,
      464.15888,
      1000.0,
      2154.43469,
      4641.58883,
      10000.0
    ],
    "datatype": "Z",
    "dobs_Z": [
      "(0.019937+0.020711j)",
      "(0.013344+0.014563j)",
      "(0.0084676+0.011076j)",
      "(0.0039657+0.0073521j)",
      "(0.0019795+0.0038128j)",
      "(0.0010066+0.0022365j)",
      "(0.00068622+0.0013042j)",
      "(0.0004181+0.00072313j)",
      "(0.00029857+0.00037592j)",
      "(0.00023384+0.00019783j)",
      "(0.00023601+0.00010613j)",
      "(0.00022208+6.4712e-05j)",
      "(0.00020209+5.0168e-05j)"
    ],
    "err_Z": [
      0.00086243,
      0.00059257,
      0.00041827,
      0.0002506,
      0.00012888,
      7.3577e-05,
      4.4211e-05,
      2.5059e-05,
      1.4402e-05,
      9.189e-06,
      7.7633e-06,
      6.9396e-06,
      6.2469e-06
    ],
    "dobs_appres": null,
    "err_appres": null,
    "dobs_phase": null,
    "err_phase": null,
    "ndata": 26
  },
  "DC": {
    "OA": null,
    "dobs_appres": null,
    "err_appres": null
  },
  "nChains": 6,
  "nChains_atT1": 3,
  "nChains_atoT": 3,
  "nchain_for_PT": 3,
  "min_res_log": -1.0,
  "max_res_log": 5.0,
  "rho": "log10"
}